-- Movies Table
CREATE TABLE public.streaming_service_movies (
    film_id INTEGER PRIMARY KEY,
    title TEXT,
    year INTEGER,
    genre TEXT,
    rating DECIMAL(3,1),
    duration_min INTEGER,
    country TEXT,
    director TEXT
);

-- Awards Table
CREATE TABLE public.streaming_service_awards (
    award_id INTEGER PRIMARY KEY,
    film_id INTEGER REFERENCES public.streaming_service_movies(film_id) ON DELETE CASCADE,
    name_award TEXT,
    nomination TEXT,
    year INTEGER
);

-- Soundtrack Table
CREATE TABLE public.streaming_service_soundtrack (
    track_id INTEGER PRIMARY KEY,
    film_id INTEGER REFERENCES public.streaming_service_movies(film_id) ON DELETE CASCADE,
    song_name TEXT,
    performer TEXT,
    duration INTEGER
);

-- Collection Table
CREATE TABLE public.streaming_service_collection (
    collection_id INTEGER PRIMARY KEY,
    name_coll TEXT,
    description TEXT
);

-- Film in Collection Table 
CREATE TABLE public.streaming_service_film_collection (
    film_collection_id INTEGER PRIMARY KEY,
    film_id INTEGER REFERENCES public.streaming_service_movies(film_id) ON DELETE CASCADE,
    collection_id INTEGER REFERENCES public.streaming_service_collection(collection_id) ON DELETE CASCADE
);

-- Actor Table
CREATE TABLE public.streaming_service_actor (
    actor_id INTEGER PRIMARY KEY,
    full_name TEXT,
    age INTEGER,
    gender TEXT,
    country TEXT
);

-- Actor in Film Table 
CREATE TABLE public.streaming_service_actor_film (
    actor_film_id INTEGER PRIMARY KEY,
    film_id INTEGER REFERENCES public.streaming_service_movies(film_id) ON DELETE CASCADE,
    actor_id INTEGER REFERENCES public.streaming_service_actor(actor_id) ON DELETE CASCADE,
    role_type TEXT,
    character TEXT
);

INSERT INTO streaming_service_movies (film_id, title, year, genre, rating, duration_min, country, director) VALUES
('1', 'The Shape of Water', '2017', 'Adventure', '0', '123', 'Norway', 'Levey Donat'),
('2', 'Pulp Fiction', '1994', 'Adventure', '1', '154', 'Norway', 'Elsy McIlwaine'),
('3', 'The Dark Knight', '2008', 'Fantasy', '9', '152', 'Australia', 'Rafi Janicki'),
('4', 'Braveheart', '1995', 'Action', '4', '178', 'Canada', 'Sandro Bodocs'),
('5', 'Star Wars: Episode IV - A New Hope', '1977', 'Thriller', '1', '121', 'Netherlands', 'Albertina Forrest'),
('6', 'Black Swan', '2010', 'Mystery', '2', '108', 'Italy', 'Klement Millichap'),
('7', 'The Matrix', '1999', 'Thriller', '2', '136', 'Germany', 'Mary Ghio'),
('8', 'The Matrix', '1999', 'Historical', '0', '136', 'Mexico', 'Odille Humphries'),
('9', 'Forrest Gump', '1994', 'Fantasy', '1', '142', 'New Zealand', 'Madge Di Angelo'),
('10', 'Schindler''s List', '1993', 'Animation', '8', '195', 'Russia', 'Dominick Creamen'),
('11', 'Inception', '2010', 'Musical', '6', '148', 'Denmark', 'Duncan Pulteneye'),
('12', 'Braveheart', '1995', 'Comedy', '1', '178', 'United States', 'Rorke McGinlay'),
('13', 'The Godfather', '1972', 'Historical', '4', '175', 'Brazil', 'Gwenette Sambeck'),
('14', 'Frozen', '2013', 'Action', '3', '102', 'Spain', 'Dalston Bridgwood'),
('15', 'Forrest Gump', '1994', 'Science Fiction', '2', '142', 'Finland', 'Ailey Pomphrett'),
('16', 'The Matrix', '1999', 'Action', '2', '136', 'Sweden', 'Debi Gahan'),
('17', 'Inception', '2010', 'Thriller', '4', '148', 'Japan', 'Meghan Upchurch'),
('18', 'Inception', '2010', 'Historical', '4', '148', 'Finland', 'Joni Ccomini'),
('19', 'Back to the Future', '1985', 'Historical', '2', '116', 'Canada', 'Celinda Brooker'),
('20', 'The Lord of the Rings: The Return of the King', '2003', 'Mystery', '5', '201', 'United Kingdom', 'Nels Gateshill'),
('21', 'Gladiator', '2000', 'Science Fiction', '3', '155', 'Brazil', 'Shoshanna Nurse'),
('22', 'The Godfather', '1972', 'Documentary', '1', '175', 'Denmark', 'Dru Borrows'),
('23', 'The Sound of Music', '1965', 'Historical', '3', '174', 'Argentina', 'Dianne MacWilliam'),
('24', 'Schindler''s List', '1993', 'Action', '5', '195', 'Finland', 'Cosimo Lamcken'),
('25', 'Pulp Fiction', '1994', 'Drama', '3', '154', 'Spain', 'Cullin Phette'),
('26', 'The Lord of the Rings: The Fellowship of the Ring', '2001', 'Western', '5', '178', 'Brazil', 'Gussy Vinter'),
('27', 'The Dark Knight', '2008', 'Science Fiction', '3', '152', 'Brazil', 'Loria Scocroft'),
('28', 'The Lord of the Rings: The Two Towers', '2002', 'Historical', '4', '179', 'United Kingdom', 'Reinhard Leamon'),
('29', 'Fight Club', '1999', 'Fantasy', '3', '139', 'United Kingdom', 'Skell Enderle'),
('30', 'Gladiator', '2000', 'Western', '4', '155', 'Argentina', 'Mame Briereton'),
('31', 'The Pursuit of Happyness', '2006', 'Western', '4', '117', 'France', 'Cello Broadwell'),
('32', 'Braveheart', '1995', 'Comedy', '6', '178', 'Australia', 'Zulema Marcos'),
('33', 'Schindler''s List', '1993', 'Western', '5', '195', 'France', 'Brunhilde Bonds'),
('34', 'The Sound of Music', '1965', 'Musical', '8', '174', 'Canada', 'Roma Sunderland'),
('35', 'Schindler''s List', '1993', 'Science Fiction', '4', '195', 'Mexico', 'Winna Noury'),
('36', 'Interstellar', '2014', 'Drama', '8', '169', 'Italy', 'Timmy Feldbaum'),
('37', 'Pulp Fiction', '1994', 'Science Fiction', '8', '154', 'France', 'Alessandra Baggally'),
('38', 'Avatar', '2009', 'Science Fiction', '9', '162', 'Canada', 'Goldi Rouge'),
('39', 'Joker', '2019', 'Drama', '0', '122', 'Japan', 'Cirilo Friel'),
('40', 'La La Land', '2016', 'Drama', '1', '128', 'Sweden', 'Jose Bear'),
('41', 'Black Swan', '2010', 'Western', '0', '108', 'Sweden', 'Ivy Manuely'),
('42', 'The Shape of Water', '2017', 'Horror', '0', '123', 'Argentina', 'Jason Sausman'),
('43', 'The Social Network', '2010', 'Comedy', '9', '120', 'New Zealand', 'Currie Blase'),
('44', 'The Lord of the Rings: The Two Towers', '2002', 'Fantasy', '5', '179', 'Denmark', 'Hailey Mancer'),
('45', 'Coco', '2017', 'Horror', '8', '105', 'Norway', 'Temp Berringer'),
('46', 'La La Land', '2016', 'Musical', '7', '128', 'South Korea', 'Jewell Zupa'),
('47', 'Wonder Woman', '2017', 'Fantasy', '8', '141', 'Finland', 'Natasha Cristou'),
('48', 'Dunkirk', '2017', 'Action', '3', '106', 'Brazil', 'Lara Piggott'),
('49', 'Joker', '2019', 'Animation', '6', '122', 'Brazil', 'Flynn Yard'),
('50', 'Inception', '2010', 'Fantasy', '4', '148', 'Norway', 'Tommie Bilt'),
('51', 'La La Land', '2016', 'Thriller', '5', '128', 'New Zealand', 'Meir Grumley'),
('52', 'Frozen', '2013', 'Horror', '4', '102', 'Finland', 'Foster Mordecai'),
('53', 'Black Panther', '2018', 'Historical', '9', '134', 'United Kingdom', 'Dorree Yannikov'),
('54', 'Pulp Fiction', '1994', 'Comedy', '6', '154', 'United Kingdom', 'Zulema Huriche'),
('55', 'Dunkirk', '2017', 'Documentary', '9', '106', 'Sweden', 'Crista Nickols'),
('56', 'Interstellar', '2014', 'Mystery', '5', '169', 'Sweden', 'Cecilius Bim'),
('57', 'Back to the Future', '1985', 'Mystery', '7', '116', 'Spain', 'Hirsch Dawley'),
('58', 'E.T. the Extra-Terrestrial', '1982', 'Historical', '8', '115', 'Netherlands', 'Arri Bonnette'),
('59', 'The Shawshank Redemption', '1994', 'Adventure', '8', '142', 'Sweden', 'Shoshana Chapleo'),
('60', 'Spider-Man: Into the Spider-Verse', '2018', 'Western', '2', '117', 'Canada', 'Genna Colloby'),
('61', 'The Sound of Music', '1965', 'Comedy', '1', '174', 'Russia', 'Delilah Kennerknecht'),
('62', 'The Greatest Showman', '2017', 'Musical', '8', '101', 'Argentina', 'Elsie Fernyhough'),
('63', 'Black Swan', '2010', 'Historical', '0', '108', 'Canada', 'Livia Pincked'),
('64', 'The Avengers', '2012', 'Adventure', '0', '143', 'India', 'Gregg Puve'),
('65', 'Fight Club', '1999', 'Documentary', '5', '139', 'Spain', 'Mickey Sorrell'),
('66', 'The Lord of the Rings: The Return of the King', '2003', 'Historical', '2', '201', 'Argentina', 'Audra Record'),
('67', 'Coco', '2017', 'Science Fiction', '3', '105', 'Denmark', 'Mae Carwithan'),
('68', 'Wonder Woman', '2017', 'Science Fiction', '2', '141', 'Germany', 'Milicent Fell'),
('69', 'Inception', '2010', 'Adventure', '2', '148', 'Canada', 'Janaya Nuttey'),
('70', 'Pulp Fiction', '1994', 'Musical', '4', '154', 'Sweden', 'Burlie Guiton'),
('71', 'The Sound of Music', '1965', 'Western', '5', '174', 'Argentina', 'Vinita Duthy'),
('72', 'Mad Max: Fury Road', '2015', 'Science Fiction', '1', '120', 'Finland', 'Raddie Caso'),
('73', 'The Pursuit of Happyness', '2006', 'Historical', '7', '117', 'Sweden', 'Dorothee Dougan'),
('74', 'The Lion King', '1994', 'Drama', '2', '88', 'Mexico', 'Isidor Elecum'),
('75', 'Frozen', '2013', 'Fantasy', '2', '102', 'Spain', 'Ezequiel Drage'),
('76', 'E.T. the Extra-Terrestrial', '1982', 'Drama', '5', '115', 'Netherlands', 'Kylila Halliday'),
('77', 'The Matrix', '1999', 'Adventure', '4', '136', 'United Kingdom', 'Elmore Shellcross'),
('78', 'The Godfather', '1972', 'Thriller', '1', '175', 'New Zealand', 'Suzanne Mattevi'),
('79', 'The Sound of Music', '1965', 'Horror', '9', '174', 'India', 'Barnaby Zupa'),
('80', 'Saving Private Ryan', '1998', 'Mystery', '7', '169', 'Brazil', 'Gauthier Ludvigsen'),
('81', 'Pulp Fiction', '1994', 'Mystery', '2', '154', 'Netherlands', 'Harlie Cotterell'),
('82', 'Saving Private Ryan', '1998', 'Horror', '8', '169', 'Australia', 'Muriel Moreland'),
('83', 'The Silence of the Lambs', '1991', 'Science Fiction', '7', '138', 'India', 'Kalle Mulhill'),
('84', 'Deadpool', '2016', 'Comedy', '6', '108', 'Brazil', 'Hoebart Ogilby'),
('85', 'Gladiator', '2000', 'Comedy', '2', '155', 'France', 'Sybila Cantua'),
('86', 'Gladiator', '2000', 'Western', '7', '155', 'Brazil', 'Angelo Makeswell'),
('87', 'The Lord of the Rings: The Fellowship of the Ring', '2001', 'Comedy', '8', '178', 'South Korea', 'Wolfgang Ownsworth'),
('88', 'Les Misérables', '2012', 'Romance', '7', '158', 'Russia', 'Bearnard Romi'),
('89', 'Deadpool', '2016', 'Western', '2', '108', 'Spain', 'Grannie Olver'),
('90', 'The Pursuit of Happyness', '2006', 'Historical', '1', '117', 'India', 'Timofei Greenhalgh'),
('91', 'Mad Max: Fury Road', '2015', 'Fantasy', '4', '120', 'Canada', 'Sonja O''Scanlon'),
('92', 'Coco', '2017', 'Action', '4', '105', 'Finland', 'Britt Trayton'),
('93', 'The Matrix', '1999', 'Adventure', '4', '136', 'South Korea', 'Meridith Earsman'),
('94', 'The Matrix', '1999', 'Western', '2', '136', 'Spain', 'Marilin Tryhorn'),
('95', 'Back to the Future', '1985', 'Musical', '8', '116', 'Germany', 'Chrisse Simone'),
('96', 'The Lord of the Rings: The Two Towers', '2002', 'Fantasy', '4', '179', 'Norway', 'Corie Parks'),
('97', 'Deadpool', '2016', 'Mystery', '3', '108', 'Netherlands', 'Aridatha Belderfield'),
('98', 'Braveheart', '1995', 'Animation', '5', '178', 'France', 'Katharina Bouchard'),
('99', 'Fight Club', '1999', 'Thriller', '1', '139', 'France', 'Zach Wolpert'),
('100', 'Inception', '2010', 'Mystery', '6', '148', 'Sweden', 'Rosamund Dudden');

INSERT INTO streaming_service_awards (award_id, film_id, name_award, nomination, year) 
VALUES
('1', '57', 'Best New Streaming Series', 'Best Streaming Music Performance', '1951'),
('2', '94', 'Best Actor in a Streaming Series', 'Best Documentary Streaming Film', '1946'),
('3', '13', 'Outstanding Performance by an Ensemble', 'Outstanding Achievement in Streaming', '1952'),
('4', '47', 'Best Actress in a Streaming Series', 'Best Animated Streaming Series', '1963'),
('5', '82', 'Innovation in Streaming Technology', 'Best Live Streaming Event', '1955'),
('6', '70', 'Best Cinematic Experience', 'Best Short Film on Streaming', '1989'),
('7', '77', 'Innovation in Streaming Technology', 'Best Live Streaming Event', '1967'),
('8', '11', 'Lifetime Achievement in Streaming', 'Best Streaming Variety Special', '1989'),
('9', '99', 'Outstanding Performance by an Ensemble', 'Outstanding Achievement in Streaming', '2019'),
('10', '79', 'Best Actress in a Streaming Series', 'Best Animated Streaming Series', '1947'),
('11', '39', 'Best Cinematic Experience', 'Best Short Film on Streaming', '1948'),
('12', '88', 'Innovation in Streaming Technology', 'Best Live Streaming Event', '1964'),
('13', '69', 'Best Director', 'Most Innovative Streaming Content', '1950'),
('14', '86', 'Best New Streaming Series', 'Best Streaming Music Performance', '1939'),
('15', '24', 'Best Soundtrack', 'Best Streaming Comedy Series', '1968'),
('16', '46', 'Audience Favorite', 'Best Streaming Drama Series', '2004'),
('17', '20', 'Outstanding Performance by an Ensemble', 'Outstanding Achievement in Streaming', '2015'),
('18', '72', 'Most Binge-Worthy Series', 'Creative Excellence in Streaming', '1973'),
('19', '63', 'Outstanding Performance by an Ensemble', 'Outstanding Achievement in Streaming', '1943'),
('20', '15', 'Best Actor in a Streaming Series', 'Best Documentary Streaming Film', '1948'),
('21', '58', 'Viewer''s Choice Award', 'Best Original Series', '1948'),
('22', '54', 'Innovation in Streaming Technology', 'Best Live Streaming Event', '1969'),
('23', '67', 'Audience Favorite', 'Best Streaming Drama Series', '1971'),
('24', '56', 'Most Binge-Worthy Series', 'Creative Excellence in Streaming', '2008'),
('25', '85', 'Best Actor in a Streaming Series', 'Best Documentary Streaming Film', '1981'),
('26', '37', 'Lifetime Achievement in Streaming', 'Best Streaming Variety Special', '2004'),
('27', '8', 'Best Cinematic Experience', 'Best Short Film on Streaming', '2020'),
('28', '14', 'Best Cinematic Experience', 'Best Short Film on Streaming', '1952'),
('29', '48', 'Best Cinematic Experience', 'Best Short Film on Streaming', '1930'),
('30', '45', 'Best Soundtrack', 'Best Streaming Comedy Series', '1962'),
('31', '32', 'Best Cinematic Experience', 'Best Short Film on Streaming', '1976'),
('32', '38', 'Lifetime Achievement in Streaming', 'Best Streaming Variety Special', '1982'),
('33', '68', 'Best New Streaming Series', 'Best Streaming Music Performance', '1948'),
('34', '5', 'Innovation in Streaming Technology', 'Best Live Streaming Event', '1962'),
('35', '10', 'Lifetime Achievement in Streaming', 'Best Streaming Variety Special', '1989'),
('36', '17', 'Outstanding Achievement in Streaming', 'Viewer''s Choice Award', '1969'),
('37', '50', 'Innovation in Streaming Technology', 'Best Live Streaming Event', '2009'),
('38', '42', 'Innovation in Streaming Technology', 'Best Live Streaming Event', '1932'),
('39', '53', 'Best Director', 'Most Innovative Streaming Content', '2000'),
('40', '64', 'Best Actor in a Streaming Series', 'Best Documentary Streaming Film', '1999'),
('41', '80', 'Outstanding Performance by an Ensemble', 'Outstanding Achievement in Streaming', '2013'),
('42', '78', 'Audience Favorite', 'Best Streaming Drama Series', '2008'),
('43', '44', 'Best Actor in a Streaming Series', 'Best Documentary Streaming Film', '1931'),
('44', '52', 'Best New Streaming Series', 'Best Streaming Music Performance', '2024'),
('45', '1', 'Best New Streaming Series', 'Best Streaming Music Performance', '1957'),
('46', '30', 'Outstanding Achievement in Streaming', 'Viewer''s Choice Award', '1950'),
('47', '83', 'Audience Favorite', 'Best Streaming Drama Series', '1935'),
('48', '81', 'Best Actor in a Streaming Series', 'Best Documentary Streaming Film', '1985'),
('49', '55', 'Best Director', 'Most Innovative Streaming Content', '1953'),
('50', '73', 'Audience Favorite', 'Best Streaming Drama Series', '1953'),
('51', '76', 'Most Binge-Worthy Series', 'Creative Excellence in Streaming', '2015'),
('52', '21', 'Best New Streaming Series', 'Best Streaming Music Performance', '1992'),
('53', '16', 'Best Actor in a Streaming Series', 'Best Documentary Streaming Film', '2001'),
('54', '66', 'Best Actress in a Streaming Series', 'Best Animated Streaming Series', '1977'),
('55', '23', 'Outstanding Achievement in Streaming', 'Viewer''s Choice Award', '2010'),
('56', '98', 'Viewer''s Choice Award', 'Best Original Series', '2021'),
('57', '41', 'Most Binge-Worthy Series', 'Creative Excellence in Streaming', '1975'),
('58', '84', 'Best Cinematography', 'Best Streaming Performance', '1941'),
('59', '25', 'Best Director', 'Most Innovative Streaming Content', '1932'),
('60', '91', 'Innovation in Streaming Technology', 'Best Live Streaming Event', '1986'),
('61', '19', 'Best Actress in a Streaming Series', 'Best Animated Streaming Series', '1949'),
('62', '74', 'Best Director', 'Most Innovative Streaming Content', '1959'),
('63', '92', 'Best Soundtrack', 'Best Streaming Comedy Series', '1947'),
('64', '43', 'Best Cinematography', 'Best Streaming Performance', '1959'),
('65', '31', 'Outstanding Performance by an Ensemble', 'Outstanding Achievement in Streaming', '1950'),
('66', '95', 'Best Actress in a Streaming Series', 'Best Animated Streaming Series', '1978'),
('67', '71', 'Innovation in Streaming Technology', 'Best Live Streaming Event', '1930'),
('68', '59', 'Best Director', 'Most Innovative Streaming Content', '1973'),
('69', '40', 'Best Actor in a Streaming Series', 'Best Documentary Streaming Film', '1947'),
('70', '49', 'Best Actor in a Streaming Series', 'Best Documentary Streaming Film', '1975'),
('71', '60', 'Best Original Series', 'Best International Streaming Series', '1965'),
('72', '26', 'Best Cinematography', 'Best Streaming Performance', '1937'),
('73', '75', 'Innovation in Streaming Technology', 'Best Live Streaming Event', '1972'),
('74', '36', 'Best Soundtrack', 'Best Streaming Comedy Series', '1939'),
('75', '61', 'Best Soundtrack', 'Best Streaming Comedy Series', '1934'),
('76', '51', 'Best Cinematic Experience', 'Best Short Film on Streaming', '2009'),
('77', '100', 'Innovation in Streaming Technology', 'Best Live Streaming Event', '2013'),
('78', '89', 'Viewer''s Choice Award', 'Best Original Series', '1957'),
('79', '7', 'Most Binge-Worthy Series', 'Creative Excellence in Streaming', '1938'),
('80', '22', 'Outstanding Achievement in Streaming', 'Viewer''s Choice Award', '1980'),
('81', '33', 'Lifetime Achievement in Streaming', 'Best Streaming Variety Special', '1966'),
('82', '34', 'Best Cinematic Experience', 'Best Short Film on Streaming', '2010'),
('83', '93', 'Best Director', 'Most Innovative Streaming Content', '2000'),
('84', '35', 'Most Binge-Worthy Series', 'Creative Excellence in Streaming', '1949'),
('85', '18', 'Best Original Series', 'Best International Streaming Series', '1986'),
('86', '90', 'Audience Favorite', 'Best Streaming Drama Series', '1940'),
('87', '97', 'Best Actress in a Streaming Series', 'Best Animated Streaming Series', '1935'),
('88', '87', 'Best Soundtrack', 'Best Streaming Comedy Series', '1981'),
('89', '12', 'Best Cinematic Experience', 'Best Short Film on Streaming', '1952'),
('90', '6', 'Innovation in Streaming Technology', 'Best Live Streaming Event', '1957'),
('91', '29', 'Innovation in Streaming Technology', 'Best Live Streaming Event', '1967'),
('92', '3', 'Best Original Series', 'Best International Streaming Series', '2004'),
('93', '62', 'Best Soundtrack', 'Best Streaming Comedy Series', '1955'),
('94', '65', 'Innovation in Streaming Technology', 'Best Live Streaming Event', '2024'),
('95', '4', 'Outstanding Performance by an Ensemble', 'Outstanding Achievement in Streaming', '1995'),
('96', '28', 'Viewer''s Choice Award', 'Best Original Series', '1940'),
('97', '27', 'Best Director', 'Most Innovative Streaming Content', '2013'),
('98', '9', 'Best Soundtrack', 'Best Streaming Comedy Series', '1975'),
('99', '2', 'Best Director', 'Most Innovative Streaming Content', '2001'),
('100', '96', 'Best Actress in a Streaming Series', 'Best Animated Streaming Series', '2001');

INSERT INTO streaming_service_soundtrack (track_id, film_id, song_name, performer, duration)
VALUES
('1', '71', 'Magnetic Whiteboard', 'Lucio Walby', '9'),
('2', '61', 'Pear and Gorgonzola Salad', 'Kata Dreinan', '12'),
('3', '42', 'Portable Leaf Blower', 'Tessa Burthom', '24'),
('4', '4', 'Whole Wheat Pasta', 'Orel Sabey', '14'),
('5', '28', 'Glass Food Containers', 'Timmie De Gowe', '8'),
('6', '66', 'Board Game', 'Antonie Waumsley', '21'),
('7', '80', 'Nature Explorer Lens Kit', 'Holly McFeat', '13'),
('8', '8', 'Stuffed Grape Leaves', 'Teresina Stigell', '14'),
('9', '67', 'Chocolate Raspberry Tart', 'Alasdair Westley', '21'),
('10', '10', 'Golf Putting Green', 'Tildi Fairpool', '14'),
('11', '79', 'Wooden Kitchen Utensil Set', 'Jae Wasbey', '14'),
('12', '86', 'Garden Vegetable Chips', 'Marybeth Werendell', '13'),
('13', '85', 'Sliced Ham', 'Simmonds Cunnington', '20'),
('14', '21', 'High-Speed Blender', 'Agretha Godfrey', '14'),
('15', '24', 'Wine Decanter', 'Royal Keslake', '24'),
('16', '98', 'Breezy Off-The-Shoulder Top', 'Rikki Gaydon', '20'),
('17', '64', 'Chilli Lime Corn on the Cob', 'Mirilla Crabtree', '10'),
('18', '73', 'Turkey Bacon', 'Stephani Kiraly', '24'),
('19', '94', 'Mango Chunks', 'Harmon Scheffel', '17'),
('20', '17', 'Organic Honeycrisp Apples', 'Maryjo Conor', '20'),
('21', '40', 'Portable Bluetooth Speaker', 'Emery Server', '9'),
('22', '32', 'Bock Beer Mustard', 'Alan Gircke', '11'),
('23', '47', 'Honey Garlic Shrimp', 'Rock Burgon', '18'),
('24', '9', 'Raisin Cinnamon Granola', 'Pennie Aglione', '11'),
('25', '26', 'Electric Razor', 'Grethel Timny', '23'),
('26', '52', 'Habanero Hot Sauce', 'Octavia Grund', '15'),
('27', '36', 'Scented Candles', 'Marvin Reynault', '16'),
('28', '77', 'Beef Enchilada Casserole', 'Martynne Vance', '9'),
('29', '1', 'Running Shorts', 'Bernetta Galpen', '23'),
('30', '7', 'Wall-Mounted Spice Rack', 'Shir Stroobant', '7'),
('31', '31', 'Vegetable Lasagna', 'Aubrey Josuweit', '16'),
('32', '2', 'Fitness Tracker with Heart Rate Monitor', 'Celene Stanwix', '19'),
('33', '74', 'Roasted Garlic Butter', 'Ira Streeting', '10'),
('34', '59', 'Spicy Garlic Edamame', 'Marty Corradetti', '12'),
('35', '54', 'Mechanical Keyboard', 'Jessi Kingswoode', '22'),
('36', '99', 'Survival Gear Kit', 'Ragnar Pridham', '14'),
('37', '95', 'Bluetooth Shower Speaker', 'Ophelia Kettles', '20'),
('38', '78', 'Savory Rice Cakes', 'Wilow Utteridge', '13'),
('39', '5', 'Outdoor Inflatable Pool', 'Jaime Le Leu', '14'),
('40', '76', 'Classic White T-Shirt', 'Shirl Eykelbosch', '22'),
('41', '57', 'Leather Wallet', 'Peyter Ovenell', '10'),
('42', '63', 'Sesame Ginger Dressing', 'Annadiane Battrum', '22'),
('43', '35', 'Chicken Parmesan Dinner Kit', 'Ester Tolmie', '9'),
('44', '70', 'Slingback Sandals', 'Kin Penniall', '16'),
('45', '65', 'Feta Cheese', 'Elfrieda Anthill', '11'),
('46', '69', 'Electric Milk Frother', 'Lola Kyngdon', '23'),
('47', '90', 'Cranberry Pecan Granola', 'Napoleon Andresen', '19'),
('48', '34', 'Wireless Earbud Silicone Covers', 'Patrizio Barnson', '11'),
('49', '45', 'Customizable Photo Calendar', 'Cissy Tait', '24'),
('50', '68', 'Rechargeable Battery Organizer', 'Ezra Steven', '15'),
('51', '53', 'Dried Mango Slices', 'Staffard Whitaker', '23'),
('52', '14', 'Organic Coconut Water', 'Juan Yanin', '22'),
('53', '49', 'Roasted Garlic Pasta Sauce', 'Yovonnda Dunphie', '7'),
('54', '75', 'Peanut Butter Pretzel Nuggets', 'Luisa Selwyn', '8'),
('55', '88', 'Pet Water Fountain', 'Joann Cuphus', '21'),
('56', '19', 'Oatmeal Raisin Cookies', 'Redford Finley', '11'),
('57', '62', 'Maple Cinnamon Almonds', 'Berget Swyne', '18'),
('58', '93', 'Italian Sausage and Peppers', 'Virginia Jaycocks', '14'),
('59', '83', 'Sunglasses Case', 'Yvette Desouza', '22'),
('60', '27', 'Mango Sticky Rice Dessert', 'Quinta McDonnell', '9'),
('61', '58', 'Compact Dishwasher', 'Polly Bradden', '13'),
('62', '22', 'Portable Blender', 'Gabi Angier', '13'),
('63', '6', 'Buffalo Chicken Dip', 'Sallie Ellph', '20'),
('64', '91', 'Savory Oatmeal Cups', 'Gilberte Ferretti', '23'),
('65', '25', 'Chocolate Hazelnut Granola', 'Corri Wheatland', '24'),
('66', '81', 'Golf Putting Green', 'Shelby Stanyon', '13'),
('67', '96', 'Quinoa and Kale Salad Kit', 'Grantley De Hooge', '23'),
('68', '89', 'Heart-Shaped Baking Molds', 'Hermia Goodhew', '12'),
('69', '55', 'Weighted Jump Rope with Counter', 'Reba De Bischop', '20'),
('70', '37', 'Balsamic Fig Dressing', 'Yetta Yuranovev', '14'),
('71', '30', 'Couscous Mix', 'Emmye Rummer', '16'),
('72', '3', 'Smoky BBQ Jackfruit', 'Valentine Kelloch', '20'),
('73', '48', 'Sports Windbreaker', 'Katey Franzke', '16'),
('74', '97', 'Chicken Parmesan Dinner Kit', 'Dulcia Kernes', '10'),
('75', '100', 'Fitness Smartwatch', 'Remy Woodrow', '9'),
('76', '15', 'Roasted Red Pepper Sauce', 'Monti Pratton', '21'),
('77', '29', 'Wireless Earbuds', 'Dannye Yurkiewicz', '13'),
('78', '43', 'Kids'' Craft Supplies Set', 'Orin Ready', '17'),
('79', '50', 'Mini Fondue Set', 'Joella Swiffen', '11'),
('80', '56', 'Spicy Beef Taco Mix', 'Marketa Swadling', '24'),
('81', '41', 'Taro Chips', 'Ax Cejka', '18'),
('82', '82', 'Thai Peanut Dressing', 'Margarita Morrid', '10'),
('83', '39', 'Motorcycle Phone Mount', 'Agna Traill', '10'),
('84', '11', 'Window A/C Unit', 'Laverna Nance', '12'),
('85', '18', 'Smart Plug', 'Wyndham Lowings', '19'),
('86', '87', 'Fried Rice', 'Madelena Tzuker', '24'),
('87', '16', 'Adjustable Kneeling Pad', 'Oralle Graal', '12'),
('88', '44', 'Garden Tool Belt', 'Tansy Tansly', '10'),
('89', '20', 'Legging Pants', 'Isabelita Yitzovitz', '23'),
('90', '12', 'Glass Water Bottle', 'Crissie Brocklebank', '20'),
('91', '92', 'Trail Mix (Deluxe)', 'Katherina Lesmonde', '15'),
('92', '46', 'Watering Can with Nozzle', 'Kinnie McNeachtain', '15'),
('93', '60', 'Organic Honeycrisp Apples', 'Diane-marie Hambrick', '14'),
('94', '23', 'Frozen Vegetarian Pizza', 'Ettie Powdrill', '15'),
('95', '72', 'Fresh Basil Pesto', 'Benetta Eames', '7'),
('96', '51', 'Training Soccer Ball', 'Alfredo Gytesham', '16'),
('97', '13', 'Blackberry Jam', 'Monah Coaster', '16'),
('98', '33', 'Kids'' Outdoor Explorer Kit', 'Wanids Welford', '19'),
('99', '84', 'Peach Green Tea', 'Kean Taylor', '17'),
('100', '38', 'Indoor Plants', 'Erma Franzoli', '14');

INSERT INTO streaming_service_collection (collection_id, name_coll, description)
VALUES
('98', 'Family Favorites', 'Wholesome family films that are enjoyable for all generations.'),
('66', 'Family Favorites', 'Wholesome family films that are enjoyable for all generations.'),
('4', 'Family Favorites', 'Wholesome family films that are enjoyable for all generations.'),
('91', 'Drama Showcase', 'Powerful dramatic films that capture the complexity of the human experience.'),
('55', 'Drama Showcase', 'Powerful dramatic films that capture the complexity of the human experience.'),
('34', 'Drama Showcase', 'Powerful dramatic films that capture the complexity of the human experience.'),
('11', 'Drama Showcase', 'Powerful dramatic films that capture the complexity of the human experience.'),
('7', 'Drama Showcase', 'Powerful dramatic films that capture the complexity of the human experience.'),
('89', 'Romantic Comedies', 'Light-hearted films that blend romance and humor, perfect for date night.'),
('67', 'Romantic Comedies', 'Light-hearted films that blend romance and humor, perfect for date night.'),
('65', 'Romantic Comedies', 'Light-hearted films that blend romance and humor, perfect for date night.'),
('20', 'Romantic Comedies', 'Light-hearted films that blend romance and humor, perfect for date night.'),
('8', 'Romantic Comedies', 'Light-hearted films that blend romance and humor, perfect for date night.'),
('88', 'Mystery and Suspense', 'Intriguing films filled with twists and turns that will keep you guessing.'),
('82', 'Mystery and Suspense', 'Intriguing films filled with twists and turns that will keep you guessing.'),
('76', 'Mystery and Suspense', 'Intriguing films filled with twists and turns that will keep you guessing.'),
('72', 'Mystery and Suspense', 'Intriguing films filled with twists and turns that will keep you guessing.'),
('58', 'Mystery and Suspense', 'Intriguing films filled with twists and turns that will keep you guessing.'),
('41', 'Mystery and Suspense', 'Intriguing films filled with twists and turns that will keep you guessing.'),
('17', 'Mystery and Suspense', 'Intriguing films filled with twists and turns that will keep you guessing.'),
('52', 'Biographical Stories', 'Inspiring biopics that delve into the lives of remarkable individuals.'),
('51', 'Biographical Stories', 'Inspiring biopics that delve into the lives of remarkable individuals.'),
('50', 'Biographical Stories', 'Inspiring biopics that delve into the lives of remarkable individuals.'),
('49', 'Biographical Stories', 'Inspiring biopics that delve into the lives of remarkable individuals.'),
('33', 'Biographical Stories', 'Inspiring biopics that delve into the lives of remarkable individuals.'),
('80', 'Documentary Highlights', 'Insightful documentaries that explore real-world events and stories.'),
('75', 'Documentary Highlights', 'Insightful documentaries that explore real-world events and stories.'),
('39', 'Documentary Highlights', 'Insightful documentaries that explore real-world events and stories.'),
('86', 'Cult Classics', 'Iconic films that have gained a dedicated following over the years.'),
('81', 'Cult Classics', 'Iconic films that have gained a dedicated following over the years.'),
('69', 'Cult Classics', 'Iconic films that have gained a dedicated following over the years.'),
('25', 'Cult Classics', 'Iconic films that have gained a dedicated following over the years.'),
('13', 'Cult Classics', 'Iconic films that have gained a dedicated following over the years.'),
('100', 'Coming-of-Age Tales', 'Heartwarming stories that explore the journey from youth to adulthood.'),
('97', 'Coming-of-Age Tales', 'Heartwarming stories that explore the journey from youth to adulthood.'),
('95', 'Coming-of-Age Tales', 'Heartwarming stories that explore the journey from youth to adulthood.'),
('60', 'Coming-of-Age Tales', 'Heartwarming stories that explore the journey from youth to adulthood.'),
('94', 'Crime Chronicles', 'Gripping films that explore the world of crime and criminal minds.'),
('70', 'Crime Chronicles', 'Gripping films that explore the world of crime and criminal minds.'),
('53', 'Crime Chronicles', 'Gripping films that explore the world of crime and criminal minds.'),
('90', 'Historical Drama', 'Films that transport you to key moments in history with compelling storytelling.'),
('64', 'Historical Drama', 'Films that transport you to key moments in history with compelling storytelling.'),
('93', 'Animated Adventures', 'Family-friendly animated films that entertain audiences of all ages.'),
('71', 'Animated Adventures', 'Family-friendly animated films that entertain audiences of all ages.'),
('54', 'Animated Adventures', 'Family-friendly animated films that entertain audiences of all ages.'),
('42', 'Animated Adventures', 'Family-friendly animated films that entertain audiences of all ages.'),
('35', 'Animated Adventures', 'Family-friendly animated films that entertain audiences of all ages.'),
('31', 'Animated Adventures', 'Family-friendly animated films that entertain audiences of all ages.'),
('16', 'Animated Adventures', 'Family-friendly animated films that entertain audiences of all ages.'),
('5', 'Animated Adventures', 'Family-friendly animated films that entertain audiences of all ages.'),
('96', 'Science Fiction Odyssey', 'Explore futuristic worlds and imaginative technology in this sci-fi collection.'),
('44', 'Science Fiction Odyssey', 'Explore futuristic worlds and imaginative technology in this sci-fi collection.'),
('43', 'Science Fiction Odyssey', 'Explore futuristic worlds and imaginative technology in this sci-fi collection.'),
('29', 'Science Fiction Odyssey', 'Explore futuristic worlds and imaginative technology in this sci-fi collection.'),
('10', 'Science Fiction Odyssey', 'Explore futuristic worlds and imaginative technology in this sci-fi collection.'),
('87', 'Adventure Awaits', 'Epic journey films that take you across the globe and beyond.'),
('85', 'Adventure Awaits', 'Epic journey films that take you across the globe and beyond.'),
('21', 'Thriller Selections', 'Edge-of-your-seat tension in this collection of psychological thrillers.'),
('19', 'Thriller Selections', 'Edge-of-your-seat tension in this collection of psychological thrillers.'),
('18', 'Thriller Selections', 'Edge-of-your-seat tension in this collection of psychological thrillers.'),
('68', 'Fantasy Realms', 'Dive into magical worlds with this selection of epic fantasy films.'),
('63', 'Fantasy Realms', 'Dive into magical worlds with this selection of epic fantasy films.'),
('48', 'Fantasy Realms', 'Dive into magical worlds with this selection of epic fantasy films.'),
('28', 'Fantasy Realms', 'Dive into magical worlds with this selection of epic fantasy films.'),
('22', 'Fantasy Realms', 'Dive into magical worlds with this selection of epic fantasy films.'),
('83', 'Sporting Spirit', 'Celebrate the triumphs and struggles in this collection of sports films.'),
('79', 'Sporting Spirit', 'Celebrate the triumphs and struggles in this collection of sports films.'),
('73', 'Sporting Spirit', 'Celebrate the triumphs and struggles in this collection of sports films.'),
('32', 'Sporting Spirit', 'Celebrate the triumphs and struggles in this collection of sports films.'),
('12', 'Sporting Spirit', 'Celebrate the triumphs and struggles in this collection of sports films.'),
('9', 'Sporting Spirit', 'Celebrate the triumphs and struggles in this collection of sports films.'),
('77', 'Superhero Saga', 'An exciting lineup of superhero films that bring comics to life.'),
('62', 'Superhero Saga', 'An exciting lineup of superhero films that bring comics to life.'),
('61', 'Superhero Saga', 'An exciting lineup of superhero films that bring comics to life.'),
('59', 'Superhero Saga', 'An exciting lineup of superhero films that bring comics to life.'),
('56', 'Superhero Saga', 'An exciting lineup of superhero films that bring comics to life.'),
('36', 'Superhero Saga', 'An exciting lineup of superhero films that bring comics to life.'),
('14', 'Superhero Saga', 'An exciting lineup of superhero films that bring comics to life.'),
('6', 'Superhero Saga', 'An exciting lineup of superhero films that bring comics to life.'),
('78', 'Action Classics', 'A thrilling collection of timeless action films that defined a genre.'),
('74', 'Action Classics', 'A thrilling collection of timeless action films that defined a genre.'),
('57', 'Action Classics', 'A thrilling collection of timeless action films that defined a genre.'),
('24', 'Action Classics', 'A thrilling collection of timeless action films that defined a genre.'),
('45', 'International Cinema', 'A diverse collection featuring acclaimed films from around the world.'),
('30', 'International Cinema', 'A diverse collection featuring acclaimed films from around the world.'),
('23', 'International Cinema', 'A diverse collection featuring acclaimed films from around the world.'),
('84', 'Musical Masterpieces', 'A collection that celebrates the joy of music through fabulous musicals.'),
('47', 'Musical Masterpieces', 'A collection that celebrates the joy of music through fabulous musicals.'),
('40', 'Musical Masterpieces', 'A collection that celebrates the joy of music through fabulous musicals.'),
('27', 'Musical Masterpieces', 'A collection that celebrates the joy of music through fabulous musicals.'),
('26', 'Musical Masterpieces', 'A collection that celebrates the joy of music through fabulous musicals.'),
('15', 'Musical Masterpieces', 'A collection that celebrates the joy of music through fabulous musicals.'),
('3', 'Musical Masterpieces', 'A collection that celebrates the joy of music through fabulous musicals.'),
('2', 'Musical Masterpieces', 'A collection that celebrates the joy of music through fabulous musicals.'),
('1', 'Musical Masterpieces', 'A collection that celebrates the joy of music through fabulous musicals.'),
('99', 'Horror Essentials', 'A chilling assortment of the scariest horror films that will keep you up at night.'),
('92', 'Horror Essentials', 'A chilling assortment of the scariest horror films that will keep you up at night.'),
('46', 'Horror Essentials', 'A chilling assortment of the scariest horror films that will keep you up at night.'),
('38', 'Horror Essentials', 'A chilling assortment of the scariest horror films that will keep you up at night.'),
('37', 'Horror Essentials', 'A chilling assortment of the scariest horror films that will keep you up at night.');

INSERT INTO streaming_service_film_collection (film_collection_id, film_id, collection_id) 
VALUES
('1', '60', '45'),
('2', '8', '63'),
('3', '20', '19'),
('4', '10', '61'),
('5', '86', '49'),
('6', '96', '86'),
('7', '36', '92'),
('8', '3', '76'),
('9', '51', '85'),
('10', '40', '73'),
('11', '81', '91'),
('12', '34', '14'),
('13', '19', '54'),
('14', '75', '35'),
('15', '39', '90'),
('16', '42', '64'),
('17', '46', '32'),
('18', '31', '60'),
('19', '79', '38'),
('20', '72', '57'),
('21', '65', '17'),
('22', '49', '44'),
('23', '67', '18'),
('24', '25', '55'),
('25', '48', '71'),
('26', '14', '77'),
('27', '13', '1'),
('28', '53', '41'),
('29', '58', '33'),
('30', '63', '8'),
('31', '30', '10'),
('32', '78', '21'),
('33', '32', '12'),
('34', '26', '78'),
('35', '77', '3'),
('36', '76', '59'),
('37', '87', '51'),
('38', '4', '65'),
('39', '50', '5'),
('40', '73', '100'),
('41', '93', '88'),
('42', '57', '47'),
('43', '66', '69'),
('44', '71', '34'),
('45', '44', '93'),
('46', '45', '9'),
('47', '7', '84'),
('48', '70', '26'),
('49', '41', '23'),
('50', '90', '97'),
('51', '54', '6'),
('52', '55', '56'),
('53', '17', '16'),
('54', '84', '68'),
('55', '98', '7'),
('56', '33', '99'),
('57', '12', '67'),
('58', '11', '52'),
('59', '82', '29'),
('60', '24', '94'),
('61', '91', '43'),
('62', '38', '80'),
('63', '16', '95'),
('64', '27', '58'),
('65', '21', '20'),
('66', '92', '74'),
('67', '22', '42'),
('68', '95', '22'),
('69', '56', '2'),
('70', '89', '83'),
('71', '18', '89'),
('72', '97', '30'),
('73', '59', '36'),
('74', '43', '4'),
('75', '35', '15'),
('76', '85', '72'),
('77', '83', '13'),
('78', '5', '50'),
('79', '9', '98'),
('80', '23', '66'),
('81', '6', '96'),
('82', '64', '40'),
('83', '100', '82'),
('84', '28', '62'),
('85', '47', '31'),
('86', '15', '39'),
('87', '2', '48'),
('88', '52', '25'),
('89', '74', '81'),
('90', '29', '70'),
('91', '61', '28'),
('92', '62', '87'),
('93', '94', '46'),
('94', '37', '75'),
('95', '1', '11'),
('96', '88', '79'),
('97', '68', '37'),
('98', '69', '53'),
('99', '99', '24'),
('100', '80', '27');

INSERT INTO streaming_service_actor (actor_id, full_name, age, gender, country)
VALUES 
('4', 'Eziechiele Ketchen', '31', 'Female', 'Japan'),
('9', 'Reece Loins', '36', 'Female', 'Brazil'),
('11', 'Reinhard Friel', '67', 'Female', 'United Kingdom'),
('12', 'Brig McCafferky', '53', 'Female', 'United States'),
('14', 'Renato Kyme', '61', 'Female', 'Australia'),
('15', 'Camila Stinton', '71', 'Female', 'Brazil'),
('16', 'Alejandra Stubbington', '67', 'Female', 'Denmark'),
('17', 'Gwenore Hunton', '56', 'Female', 'Mexico'),
('19', 'Cordelie Ward', '20', 'Female', 'Italy'),
('20', 'Kipp Spilisy', '45', 'Female', 'Australia'),
('22', 'Gustave Braitling', '69', 'Female', 'Mexico'),
('23', 'Cass Nealy', '73', 'Female', 'Russia'),
('24', 'Kelsi Quirk', '63', 'Female', 'Canada'),
('26', 'Nanice Perkinson', '47', 'Female', 'Norway'),
('28', 'Kippar Pulbrook', '67', 'Female', 'Mexico'),
('29', 'Neila Sodor', '43', 'Female', 'United States'),
('30', 'Holmes Back', '27', 'Female', 'Russia'),
('31', 'Kirbee Ruddick', '42', 'Female', 'Italy'),
('33', 'Hillie Devon', '42', 'Female', 'Sweden'),
('34', 'Jane Sowman', '36', 'Female', 'Russia'),
('35', 'Erastus Cowndley', '79', 'Female', 'Australia'),
('36', 'Ronald Rabjohns', '70', 'Female', 'Denmark'),
('39', 'Lorita Coursor', '58', 'Female', 'Mexico'),
('40', 'Elisabetta Parminter', '48', 'Female', 'India'),
('42', 'Lynnet Gasnell', '75', 'Female', 'Japan'),
('43', 'Garnet Brandone', '69', 'Female', 'Finland'),
('45', 'Tracie Pashbee', '59', 'Female', 'Denmark'),
('48', 'Lorne Sier', '59', 'Female', 'Brazil'),
('49', 'Rouvin Rowat', '32', 'Female', 'Netherlands'),
('51', 'Janella Hunston', '78', 'Female', 'Canada'),
('55', 'Jakob Keggin', '39', 'Female', 'Russia'),
('58', 'Nikki Sircombe', '58', 'Female', 'Canada'),
('59', 'Ann Henrie', '22', 'Female', 'South Africa'),
('61', 'Gwendolyn Jerrans', '53', 'Female', 'Canada'),
('64', 'Kipper Parsonage', '68', 'Female', 'Russia'),
('65', 'Valene Snassell', '31', 'Female', 'Sweden'),
('66', 'Nico Plunket', '24', 'Female', 'United Kingdom'),
('68', 'Darby Bezemer', '59', 'Female', 'Russia'),
('69', 'Arabela Murkus', '76', 'Female', 'Italy'),
('72', 'Rayna Esposi', '57', 'Female', 'Australia'),
('73', 'Cletus Jantot', '27', 'Female', 'Brazil'),
('77', 'Leonelle Yegorshin', '44', 'Female', 'India'),
('81', 'Kennett Steptoe', '52', 'Female', 'Mexico'),
('83', 'Carter Di Francecshi', '33', 'Female', 'France'),
('84', 'Bendick Aasaf', '71', 'Female', 'Brazil'),
('85', 'Philis Harrinson', '27', 'Female', 'Sweden'),
('89', 'Terry Mourbey', '78', 'Female', 'Sweden'),
('90', 'Helen Fetters', '45', 'Female', 'Brazil'),
('94', 'Quintana Higgonet', '74', 'Female', 'United States'),
('1', 'Berny Barkas', '33', 'Male', 'United Kingdom'),
('2', 'Rouvin Gauvain', '70', 'Male', 'Canada'),
('3', 'Krishna Fullerd', '59', 'Male', 'Japan'),
('5', 'Case Camacho', '70', 'Male', 'United Kingdom'),
('6', 'Bev Verick', '29', 'Male', 'Finland'),
('7', 'Tracy Kimm', '32', 'Male', 'Sweden'),
('8', 'Constancy Gutridge', '63', 'Male', 'France'),
('10', 'Ingaborg Franz-Schoninger', '77', 'Male', 'Russia'),
('13', 'Gerti Oxe', '69', 'Male', 'Italy'),
('18', 'Tawsha Nyles', '40', 'Male', 'Norway'),
('21', 'Granny Fulham', '26', 'Male', 'Russia'),
('25', 'Rafe Clulee', '57', 'Male', 'Brazil'),
('27', 'Bartie Colerick', '59', 'Male', 'Sweden'),
('32', 'Morey Aykroyd', '45', 'Male', 'Mexico'),
('37', 'Grete Clow', '42', 'Male', 'United States'),
('38', 'Rafaellle Assiter', '35', 'Male', 'Finland'),
('41', 'Sidonnie Busk', '40', 'Male', 'India'),
('44', 'Minetta Avramchik', '21', 'Male', 'United Kingdom'),
('46', 'Claudell Nono', '67', 'Male', 'Sweden'),
('47', 'Sullivan Derobert', '27', 'Male', 'South Korea'),
('50', 'Ronnie Kalb', '18', 'Male', 'Italy'),
('52', 'Nady Van Geffen', '53', 'Male', 'South Korea'),
('53', 'Willey Sackes', '74', 'Male', 'Spain'),
('54', 'Chev Burbridge', '79', 'Male', 'Norway'),
('56', 'Leah Aimeric', '20', 'Male', 'South Korea'),
('57', 'Effie Mowett', '28', 'Male', 'France'),
('60', 'Pam Rowden', '34', 'Male', 'Australia'),
('62', 'Wylma Gauvain', '60', 'Male', 'Mexico'),
('63', 'Alden Tigner', '70', 'Male', 'France'),
('67', 'Gilberte Headan', '71', 'Male', 'Brazil'),
('70', 'Walther McClintock', '45', 'Male', 'Finland'),
('71', 'Stearne Haskur', '44', 'Male', 'Japan'),
('74', 'Charisse Stoffels', '18', 'Male', 'India'),
('75', 'Paulo Poyzer', '72', 'Male', 'United Kingdom'),
('76', 'Gardie Nunan', '20', 'Male', 'Sweden'),
('78', 'Viv Aisthorpe', '48', 'Male', 'South Korea'),
('79', 'Zane Willimot', '28', 'Male', 'France'),
('80', 'Hew Esche', '19', 'Male', 'Sweden'),
('82', 'Udale Hicklingbottom', '44', 'Male', 'United States'),
('86', 'Ricardo Blackmoor', '30', 'Male', 'Netherlands'),
('87', 'Christoforo Hazlegrove', '47', 'Male', 'Canada'),
('88', 'Freeland Bulle', '47', 'Male', 'United Kingdom'),
('91', 'Roxy Chantrell', '50', 'Male', 'Germany'),
('92', 'Jecho Chiles', '61', 'Male', 'Russia'),
('93', 'Janette Edkins', '49', 'Male', 'Russia'),
('95', 'Saunderson Biddwell', '28', 'Male', 'Mexico'),
('96', 'Rodi Cosyns', '22', 'Male', 'Brazil'),
('97', 'Virginie Delnevo', '75', 'Male', 'United Kingdom'),
('98', 'Rafi Lugg', '36', 'Male', 'Sweden'),
('99', 'Thorin Hakeworth', '27', 'Male', 'Netherlands'),
('100', 'Christalle Castagnaro', '64', 'Male', 'Denmark');

INSERT INTO streaming_service_actor_film (actor_film_id, film_id, actor_id, role_type, character)
VALUES
('1', '71', '62', 'Lead', 'Buffy Summers'),
('2', '63', '41', 'Lead', 'Beetlejuice'),
('3', '20', '30', 'Supporting', 'Wanda Maximoff'),
('4', '56', '12', 'Supporting', 'Simba'),
('5', '49', '76', 'Lead', 'Cinderella'),
('6', '52', '23', 'Lead', 'Valkyrie'),
('7', '1', '77', 'Lead', 'Thor'),
('8', '84', '44', 'Supporting', 'Scarlett O''Hara'),
('9', '98', '98', 'Supporting', 'Sherlock Holmes'),
('10', '69', '49', 'Lead', 'Rick Grimes'),
('11', '58', '86', 'Lead', 'Rhett Butler'),
('12', '70', '51', 'Lead', 'Fiona'),
('13', '46', '34', 'Lead', 'Bruce Wayne'),
('14', '90', '25', 'Lead', 'Dr. Strange'),
('15', '32', '89', 'Lead', 'Scarlett O''Hara'),
('16', '75', '2', 'Lead', 'Willy Wonka'),
('17', '89', '16', 'Lead', 'Sally Albright'),
('18', '38', '60', 'Lead', 'The Hulk'),
('19', '68', '57', 'Lead', 'Lara Croft'),
('20', '10', '48', 'Lead', 'Ari Gold'),
('21', '94', '74', 'Supporting', 'The Joker'),
('22', '9', '28', 'Lead', 'Clarice Starling'),
('23', '14', '97', 'Lead', 'Darth Vader'),
('24', '22', '32', 'Supporting', 'The Hulk'),
('25', '97', '75', 'Supporting', 'Tony Stark'),
('26', '88', '13', 'Supporting', 'Forrest Gump'),
('27', '53', '21', 'Supporting', 'Samantha Baker'),
('28', '83', '63', 'Lead', 'Rick Grimes'),
('29', '7', '79', 'Supporting', 'Sally Albright'),
('30', '95', '17', 'Lead', 'Spider-Man'),
('31', '64', '20', 'Lead', 'Darth Maul'),
('32', '91', '64', 'Lead', 'Cinderella'),
('33', '55', '99', 'Supporting', 'Maleficent'),
('34', '77', '6', 'Supporting', 'Tommy Shelby'),
('35', '81', '43', 'Supporting', 'Fiona'),
('36', '50', '95', 'Supporting', 'Neo'),
('37', '29', '92', 'Lead', 'Rick Grimes'),
('38', '40', '69', 'Lead', 'Lara Croft'),
('39', '80', '70', 'Lead', 'Wanda Maximoff'),
('40', '85', '100', 'Lead', 'Jack Dawson'),
('41', '61', '18', 'Lead', 'Hiccup'),
('42', '11', '71', 'Supporting', 'Indiana Jones'),
('43', '34', '68', 'Lead', 'Vito Corleone'),
('44', '79', '35', 'Supporting', 'The Joker'),
('45', '72', '45', 'Supporting', 'Bruce Wayne'),
('46', '42', '65', 'Supporting', 'Hannibal Lecter'),
('47', '41', '27', 'Lead', 'Paddington Bear'),
('48', '31', '55', 'Lead', 'T''Challa'),
('49', '2', '56', 'Lead', 'Don Draper'),
('50', '45', '11', 'Lead', 'Slinky Dog'),
('51', '3', '31', 'Supporting', 'Wolverine'),
('52', '65', '38', 'Supporting', 'Mufasa'),
('53', '13', '14', 'Supporting', 'Neo'),
('54', '48', '88', 'Lead', 'Fitzwilliam Darcy'),
('55', '60', '66', 'Supporting', 'Mufasa'),
('56', '19', '67', 'Supporting', 'Sonic the Hedgehog'),
('57', '23', '96', 'Supporting', 'Michael Myers'),
('58', '96', '3', 'Lead', 'Jack Sparrow'),
('59', '6', '5', 'Lead', 'Wolverine'),
('60', '57', '7', 'Supporting', 'Darth Maul'),
('61', '24', '80', 'Supporting', 'Slinky Dog'),
('62', '62', '82', 'Supporting', 'Sally Albright'),
('63', '51', '52', 'Lead', 'Samwise Gamgee'),
('64', '37', '36', 'Supporting', 'Hermione Granger'),
('65', '17', '24', 'Supporting', 'Spider-Man'),
('66', '66', '42', 'Lead', 'R2-D2'),
('67', '76', '40', 'Supporting', 'Valkyrie'),
('68', '33', '46', 'Lead', 'Maleficent'),
('69', '99', '91', 'Supporting', 'Meg Murry'),
('70', '93', '47', 'Lead', 'The Joker'),
('71', '8', '93', 'Supporting', 'The Hulk'),
('72', '67', '8', 'Supporting', 'Rocky Balboa'),
('73', '21', '84', 'Supporting', 'Sally Albright'),
('74', '12', '19', 'Lead', 'Vito Corleone'),
('75', '39', '50', 'Supporting', 'Gollum'),
('76', '59', '26', 'Lead', 'Hannibal Lecter'),
('77', '5', '58', 'Supporting', 'T''Challa'),
('78', '43', '72', 'Supporting', 'Gatsby'),
('79', '27', '29', 'Supporting', 'Rambo'),
('80', '30', '83', 'Supporting', 'Toothless'),
('81', '86', '61', 'Supporting', 'Gatsby'),
('82', '36', '59', 'Lead', 'Toothless'),
('83', '73', '94', 'Lead', 'Jason Bourne'),
('84', '54', '1', 'Supporting', 'Groot'),
('85', '47', '54', 'Supporting', 'Jack Dawson'),
('86', '26', '81', 'Supporting', 'Rick Grimes'),
('87', '25', '33', 'Lead', 'Dr. Strange'),
('88', '16', '9', 'Supporting', 'Wolverine'),
('89', '28', '10', 'Supporting', 'The Hulk'),
('90', '15', '90', 'Supporting', 'Lumière'),
('91', '87', '78', 'Lead', 'John Connor'),
('92', '92', '73', 'Supporting', 'Michael Myers'),
('93', '44', '4', 'Supporting', 'Dulcinea del Toboso'),
('94', '82', '22', 'Supporting', 'Michael Myers'),
('95', '78', '15', 'Lead', 'C-3PO'),
('96', '4', '85', 'Lead', 'Jack Sparrow'),
('97', '18', '39', 'Lead', 'Tommy Shelby'),
('98', '74', '37', 'Lead', 'John Connor'),
('99', '100', '53', 'Lead', 'Elle Woods'),
('100', '35', '87', 'Supporting', 'Timon');






